{"losses": [2.3486946155548094, 2.2339099590301514, 1.8509136667251587, 1.5027976133346557, 1.3367941526412963, 1.2188168254852294, 1.1485975940704345, 1.0922677134513854, 1.026689079284668, 0.9853410653114318], "accuracies": [0.1, 0.156, 0.3367, 0.4824, 0.5274, 0.5725, 0.5962, 0.6206, 0.6429, 0.6552], "total_time_sec": 435.097284078598, "checkpoint_count": 10, "checkpoint_total_size_MB": 427.2583827972412, "config": {"epoch": 10, "batch_size": 32, "worker_num": 10, "local_epoch": 1, "sync_freq": 1, "checkpoint_policy": "all"}}