{"losses": [2.4857838687896727, 2.1757865524291993, 1.6325649307250976, 1.4367358726501465, 1.3356260131835938, 1.2388398021697997, 1.1785469747543336, 1.1032288392066956, 1.076860526561737, 1.0430565790176392], "accuracies": [0.114, 0.1902, 0.4146, 0.4847, 0.5218, 0.5504, 0.5774, 0.6079, 0.6192, 0.6305], "total_time_sec": 379.7546057701111, "checkpoint_count": 10, "checkpoint_total_size_MB": 427.2583827972412, "config": {"epoch": 10, "batch_size": 64, "worker_num": 10, "local_epoch": 1, "sync_freq": 1, "checkpoint_policy": "all"}}