{"losses": [2.8228674697875977, 2.194865099334717, 1.7069661401748657, 1.4992443700790405, 1.3847619741439818, 1.2820471908569335, 1.2422102451324464, 1.1710758626937867, 1.15960761013031, 1.1105182054519653], "accuracies": [0.1052, 0.2779, 0.3992, 0.4708, 0.5065, 0.5364, 0.5569, 0.5769, 0.5838, 0.609], "total_time_sec": 328.79050064086914, "checkpoint_count": 10, "checkpoint_total_size_MB": 427.2583827972412, "config": {"epoch": 10, "batch_size": 128, "worker_num": 10, "local_epoch": 1, "sync_freq": 1, "checkpoint_policy": "all"}}