{"losses": [2.493778648376465, 1.9945026611328125, 1.268012657737732, 1.0232502062797546, 0.9623079463005066, 0.9184623077392579, 0.8883794030189515, 0.8836299235343933, 0.8610091831684112, 0.8760077188968658], "accuracies": [0.1071, 0.2856, 0.5463, 0.6468, 0.6748, 0.706, 0.7227, 0.7326, 0.7467, 0.7506], "total_time_sec": 827.5909159183502, "checkpoint_count": 10, "checkpoint_total_size_MB": 427.2583827972412, "config": {"epoch": 10, "batch_size": 64, "worker_num": 10, "local_epoch": 5, "sync_freq": 1, "checkpoint_policy": "all"}}