{"losses": [2.388347885131836, 2.0257389045715333, 1.456183472251892, 1.2211764442443849, 1.099532230091095, 1.020152979183197, 0.9639216502189636, 0.9171676271438599, 0.8754363563537597, 0.8556251242637635], "accuracies": [0.1, 0.264, 0.4707, 0.5617, 0.608, 0.6357, 0.6615, 0.6814, 0.6983, 0.7056], "total_time_sec": 503.13654613494873, "checkpoint_count": 10, "checkpoint_total_size_MB": 427.2583827972412, "config": {"epoch": 10, "batch_size": 64, "worker_num": 10, "local_epoch": 2, "sync_freq": 1, "checkpoint_policy": "all"}}