{"losses": [2.4937744693756105, 2.2232911182403563, 1.7152791063308717, 1.4579590909957885, 1.3893632501602173, 1.255325617980957, 1.1716288479804993, 1.158942490196228, 1.0714702376365661, 1.0267634107589723], "accuracies": [0.1001, 0.1787, 0.3741, 0.4714, 0.5016, 0.5487, 0.5895, 0.5931, 0.6218, 0.6357], "total_time_sec": 382.56482005119324, "checkpoint_count": 10, "checkpoint_total_size_MB": 427.2583827972412, "config": {"epoch": 10, "batch_size": 64, "worker_num": 10, "local_epoch": 1, "sync_freq": 1, "checkpoint_policy": "all"}}