{"losses": [2.432902254486084, 2.0417325479507444, 1.6140475334167481, 1.4483870874404907, 1.3285019029617309], "accuracies": [0.1, 0.1959, 0.438, 0.4883, 0.5179], "total_time_sec": 235.22797656059265, "checkpoint_count": 5, "checkpoint_total_size_MB": 213.62913131713867, "config": {"epoch": 10, "batch_size": 64, "worker_num": 10, "local_epoch": 1, "sync_freq": 2, "checkpoint_policy": "all"}}